id,first_name,last_name,email,gender,ip_address
1,Diane,Payne,dpayne0@reuters.com,Female,69.127.124.121
2,Julia,Mcdonald,jmcdonald1@dropbox.com,Female,236.44.67.18
3,Arthur,Carroll,acarroll2@webmd.com,Male,243.195.8.36
4,Louise,Reid,lreid3@blog.com,Female,82.3.82.89
5,Diana,Harvey,dharvey4@ox.ac.uk,Female,182.243.128.145
6,Cynthia,NA,cromero5@cdc.gov,Female,84.189.182.195
7,Richard,Lynch,rlynch6@networksolutions.com,Male,238.107.106.200
8,Judy,Jacobs,jjacobs7@people.com.cn,Female,246.164.172.30
9,Lisa,Riley,lriley8@salon.com,NA,202.26.124.166
10,Gloria,Walker,gwalker9@amazon.com,Female,236.145.143.69
11,NA,NA,jgeorgea@opensource.org,Male,92.54.241.251
12,Jane,Garza,jgarzab@bloglines.com,Female,239.63.16.233
13,Harry,Ross,hrossc@addtoany.com,Male,213.183.86.180
14,Samuel,Wells,swellsd@tuttocitta.it,Male,54.95.10.172
15,Fred,Fox,ffoxe@reddit.com,Male,59.223.235.207
16,Maria,Clark,mclarkf@tripod.com,Female,NA
17,Susan,Gilbert,sgilbertg@hao123.com,Female,210.232.117.105
18,Catherine,Davis,cdavish@bbc.co.uk,Female,244.26.56.190
19,Charles,Gonzalez,cgonzalezi@mapquest.com,Male,216.117.44.104
20,Martin,Wallace,mwallacej@pagesperso-orange.fr,Male,159.182.194.93